node_id,owner,handler,site_id,completion_flag,replay_policy
LS01,website,route_receipt,copperline_traces,v5_ls01_traces,idempotent
LS02,website,answer_resolver,copperline_service_1842,v5_ls02_service_1842,idempotent
LS03,website,route_receipt,copperline_directory,v5_ls03_directory_trail,idempotent
LS04,website,world_download,copperline_world_backup,v5_ls04_map_handoff,idempotent
LS06,plugin,tagged_deposit,forgotten_mouth,v5_ls06_relay,return_wrong_and_idempotent
LS05,discord,identity_link,discord_link,v5_case_c01_complete,idempotent
LC01,plugin,item_frame_overlay,orientation_register,v5_lc01_phases,idempotent_state_match
LC02,plugin,answer_sign,offering_cairn_01,v5_lc02_rations,oracle_idempotent
LC03,plugin,source_inspection,orientation_register,v5_lc03_daily_life,idempotent_receipt
LC04,plugin,answer_sign,rune_rosetta,v5_lc04_safety_script,oracle_idempotent
LC05,discord,answer_resolver,discord_answer,v5_lc05_motive,idempotent
LC06,plugin,frame_and_tagged_lever,undercroft_seal,v5_case_c02_complete,idempotent_state_match
KV01,plugin,container_inspection,vaun_hoard_chest,v5_kv01_audit,idempotent_receipt
KV02,plugin,tagged_container_sort,vaun_hoard_chest,v5_kv02_sort,return_wrong_and_idempotent
KV03,plugin,answer_sign,stone_vaun,v5_kv03_affidavit,oracle_and_artifact_idempotent
KM01,plugin,lectern_page_comparison,mara_lectern_1,v5_km01_editions,idempotent_state_match
KM02,plugin,answer_sign,stone_mara,v5_km02_extraction,oracle_idempotent
KM03,plugin,bounded_route,mara_route_marker_1,v5_km03_affidavit,artifact_idempotent
KS01,plugin,reflection_alignment,sella_pool,v5_ks01_bearing,idempotent_state_match
KS02,plugin,item_frame_overlay,sella_anchor,v5_ks02_overlay,idempotent_state_match
KS03,plugin,answer_sign,stone_sella,v5_ks03_affidavit,oracle_and_artifact_idempotent
KO01,plugin,crouched_sightline,orin_marker_1,v5_ko01_marks,idempotent_receipt
KO02,plugin,item_frame_dials,orin_frame_dial_1,v5_ko02_dials,idempotent_state_match
KO03,discord,answer_resolver,discord_answer,v5_ko03_affidavit,artifact_idempotent
KB01,discord,media_answer,discord_answer,v5_kb01_stay_awake,idempotent
KB02,plugin,visual_dial_answer,brann_toll_tower,v5_kb02_toll,oracle_idempotent
KB03,discord,answer_resolver,discord_answer,v5_kb03_affidavit,artifact_idempotent
KI01,plugin,answer_sign,stone_iss,v5_ki01_vigenere,oracle_idempotent
KI02,plugin,tagged_item_inspection,the_cold_hearth,v5_ki02_keepsake,idempotent_receipt
KI03,discord,answer_resolver,discord_answer,v5_ki03_affidavit,artifact_idempotent
CW01,plugin,source_inspection,cistern_7,v5_cw01_complaints,idempotent_receipt
CW02,plugin,tagged_barrel_sort,cistern_7,v5_cw02_samples,return_wrong_and_idempotent
CW03,plugin,item_frame_valves,cistern_7,v5_cw03_valves,idempotent_state_match
CW04,plugin,answer_sign,watch_floor,v5_cw04_roster,oracle_idempotent
CW05,discord,answer_resolver,discord_answer,v5_cw05_counterfeit,idempotent
CW06,discord,media_answer,discord_answer,v5_cw06_reeds,idempotent
CW07,plugin,tagged_cache,the_far_water,v5_cw07_cache,idempotent_receipt
CW08,discord,conclusion_resolver,discord_answer,v5_case_c04_complete,artifact_idempotent
BI01,plugin_unlit,house_mechanism,unlit_house_lamp,v5_bi01_lamp,idempotent_state_match
BI02,plugin_unlit,tagged_fragments,unlit_house_cairn,v5_bi02_cairn,return_wrong_and_idempotent
BI03,plugin_unlit,item_arrangement,unlit_house_coop,v5_bi03_coop,idempotent_state_match
BI04,plugin_unlit,reflection_frames,unlit_house_well,v5_bi04_well,idempotent_state_match
BI05,plugin_unlit,answer_sign,unlit_house_watch,v5_bi05_watch,oracle_idempotent
BI06,plugin_unlit,tagged_sample_deposit,unlit_house_warm,v5_bi06_warm,return_wrong_and_idempotent
BI07,plugin_unlit,bounded_group_walk,unlit_house_threshold,v5_bi07_threshold,idempotent_receipt
BI08,discord,conclusion_resolver,discord_answer,v5_case_c05_complete,artifact_idempotent
HS01,plugin,tagged_item_claim,dead_stall,v5_hs01_filter,artifact_idempotent
HS02,plugin,exact_tagged_deposit,offering_cairn_01,v5_hs02_installed,return_wrong_and_idempotent
HS03,plugin,answer_sign,lampworks_stair,v5_hs03_lamps,oracle_idempotent
HS04,plugin,answer_sign,third_lamp_stand,v5_hs04_pressure,oracle_idempotent
HS05,plugin,item_frame_dials,orin_frame_dial_1,v5_hs05_dials,idempotent_state_match
HS06,plugin,bounded_route,painted_line,v5_hs06_passage,artifact_idempotent
HS07,plugin,tagged_key_console,stone_of_reckoning,v5_case_c06_complete,artifact_idempotent
A01,discord,answer_resolver,discord_answer,v5_a01_location,idempotent
A02,plugin,tagged_station_inspection,prior_camp,v5_a02_stations,idempotent_receipt
A03,plugin,container_order,prior_camp,v5_a03_supplies,return_wrong_and_idempotent
A04,plugin,answer_sign,prior_camp,v5_a04_notebook,oracle_idempotent
A05,plugin,item_frame_overlay,prior_camp,v5_a05_overlay,idempotent_state_match
A06,website,route_resolver,copperline_archive_route,v5_a06_route,idempotent
A07,website,automatic_media_reveal,clip_01_ash_locker,v5_a07_clip1,idempotent
A08,discord,media_answer,discord_answer,v5_a08_ash13,idempotent
A09,plugin,tagged_locker,prior_camp,v5_a09_spool,artifact_idempotent
A10,discord,conclusion_resolver,discord_answer,v5_case_c07_complete,idempotent
WR01,plugin,answer_sign,dread_route_start,v5_wr01_quotes,oracle_idempotent
WR02,plugin,tagged_spool_reader,dread_route_elsewhere,v5_wr02_index,idempotent_receipt
WR03,plugin,npc_choice,npc_wren_anchor,v5_wr03_confession,idempotent_dialogue
WR04,plugin,blocked_route,the_threshold,v5_wr04_bridge,artifact_idempotent
WR05,plugin,tagged_group_rite,threshold_vault,v5_case_c08_complete,branch_locked_idempotent
AR01,discord,media_answer,discord_answer,v5_ar01_not_kept,idempotent
AR02,plugin,affidavit_reader,keeper_altar,v5_ar02_a,fragment_idempotent
AR03,plugin,affidavit_reader,keeper_altar,v5_ar03_v,fragment_idempotent
AR04,plugin,affidavit_reader,keeper_altar,v5_ar04_e,fragment_idempotent
AR05,plugin,affidavit_reader,keeper_altar,v5_ar05_r,fragment_idempotent
AR06,plugin,affidavit_reader,keeper_altar,v5_ar06_y,fragment_idempotent
AR07,plugin,affidavit_reader,keeper_altar,v5_ar07_n,fragment_idempotent
AR08,discord,answer_resolver,discord_answer,v5_case_c09_complete,idempotent
RP01,discord,media_answer,discord_answer,v5_rp01_instruction,idempotent
RP02,plugin,tagged_release_configuration,the_unwriting,v5_rp02_configured,return_wrong_and_idempotent
RP03,plugin,protected_choice_markers,the_unwriting,v5_rp03_name_choice,branch_locked_idempotent
RP04,plugin,group_presence_bridge,coop_plate,v5_rp04_collective,idempotent_receipt
RP05,plugin_finale,armed_confirmation,release_record,v5_rp05_severed,durable_before_theater
RP06,plugin_finale,automatic_finale,release_record,v5_case_c10_complete,terminal_coda_idempotent
